CREATE DATABASE  IF NOT EXISTS `x071vm20_siig` /*!40100 DEFAULT CHARACTER SET latin1 */;
USE `x071vm20_siig`;
-- MySQL dump 10.13  Distrib 5.1.40, for Win32 (ia32)
--
-- Host: localhost    Database: x071vm20_siig
-- ------------------------------------------------------
-- Server version	5.1.72-community

/*!40101 SET @OLD_CHARACTER_SET_CLIENT=@@CHARACTER_SET_CLIENT */;
/*!40101 SET @OLD_CHARACTER_SET_RESULTS=@@CHARACTER_SET_RESULTS */;
/*!40101 SET @OLD_COLLATION_CONNECTION=@@COLLATION_CONNECTION */;
/*!40101 SET NAMES utf8 */;
/*!40103 SET @OLD_TIME_ZONE=@@TIME_ZONE */;
/*!40103 SET TIME_ZONE='+00:00' */;
/*!40014 SET @OLD_UNIQUE_CHECKS=@@UNIQUE_CHECKS, UNIQUE_CHECKS=0 */;
/*!40014 SET @OLD_FOREIGN_KEY_CHECKS=@@FOREIGN_KEY_CHECKS, FOREIGN_KEY_CHECKS=0 */;
/*!40101 SET @OLD_SQL_MODE=@@SQL_MODE, SQL_MODE='NO_AUTO_VALUE_ON_ZERO' */;
/*!40111 SET @OLD_SQL_NOTES=@@SQL_NOTES, SQL_NOTES=0 */;

--
-- Table structure for table `entidad`
--

DROP TABLE IF EXISTS `entidad`;
/*!40101 SET @saved_cs_client     = @@character_set_client */;
/*!40101 SET character_set_client = utf8 */;
CREATE TABLE `entidad` (
  `tipoEntidad` varchar(31) NOT NULL,
  `id` bigint(20) NOT NULL AUTO_INCREMENT,
  `codigoPostal` int(11) DEFAULT NULL,
  `cuil` varchar(255) DEFAULT NULL,
  `cuit` varchar(255) DEFAULT NULL,
  `direccion` varchar(255) DEFAULT NULL,
  `dni` int(11) NOT NULL,
  `email` varchar(255) DEFAULT NULL,
  `nombre` varchar(255) NOT NULL,
  `nroMatricula` bigint(20) DEFAULT NULL,
  `telefono` varchar(255) DEFAULT NULL,
  `tipoDocumento` varchar(255) DEFAULT NULL,
  `localidad_fk` bigint(20) DEFAULT NULL,
  PRIMARY KEY (`id`),
  KEY `FK456F1C9F6FDC4B0` (`localidad_fk`),
  CONSTRAINT `FK456F1C9F6FDC4B0` FOREIGN KEY (`localidad_fk`) REFERENCES `localidad` (`id`)
) ENGINE=InnoDB AUTO_INCREMENT=3 DEFAULT CHARSET=latin1;
/*!40101 SET character_set_client = @saved_cs_client */;

--
-- Dumping data for table `entidad`
--

LOCK TABLES `entidad` WRITE;
/*!40000 ALTER TABLE `entidad` DISABLE KEYS */;
INSERT INTO `entidad` VALUES ('RN',1,0,'','20222222222','Gomez 456',0,'gana@gmail.com','Direccion de Ganaderia Ushuaia',0,'0','CUIT',2),('PRD',2,1951,'','','Alameda 456',22569874,'jlcorrea@hotmail.com','José Luis Correas',5559999,'','DNI',3);
/*!40000 ALTER TABLE `entidad` ENABLE KEYS */;
UNLOCK TABLES;

--
-- Table structure for table `rol`
--

DROP TABLE IF EXISTS `rol`;
/*!40101 SET @saved_cs_client     = @@character_set_client */;
/*!40101 SET character_set_client = utf8 */;
CREATE TABLE `rol` (
  `id` bigint(20) NOT NULL AUTO_INCREMENT,
  `rol` varchar(255) DEFAULT NULL,
  PRIMARY KEY (`id`)
) ENGINE=InnoDB AUTO_INCREMENT=3 DEFAULT CHARSET=latin1;
/*!40101 SET character_set_client = @saved_cs_client */;

--
-- Dumping data for table `rol`
--

LOCK TABLES `rol` WRITE;
/*!40000 ALTER TABLE `rol` DISABLE KEYS */;
INSERT INTO `rol` VALUES (1,'SuperAdministrador'),(2,'Administrador');
/*!40000 ALTER TABLE `rol` ENABLE KEYS */;
UNLOCK TABLES;

--
-- Table structure for table `rol_item`
--

DROP TABLE IF EXISTS `rol_item`;
/*!40101 SET @saved_cs_client     = @@character_set_client */;
/*!40101 SET character_set_client = utf8 */;
CREATE TABLE `rol_item` (
  `rol_fk` bigint(20) NOT NULL,
  `item_fk` bigint(20) NOT NULL,
  KEY `FKEFD1438369B6E3F0` (`rol_fk`),
  KEY `FKEFD14383EA23B717` (`item_fk`),
  CONSTRAINT `FKEFD1438369B6E3F0` FOREIGN KEY (`rol_fk`) REFERENCES `rol` (`id`),
  CONSTRAINT `FKEFD14383EA23B717` FOREIGN KEY (`item_fk`) REFERENCES `itemmenu` (`id`)
) ENGINE=InnoDB DEFAULT CHARSET=latin1;
/*!40101 SET character_set_client = @saved_cs_client */;

--
-- Dumping data for table `rol_item`
--

LOCK TABLES `rol_item` WRITE;
/*!40000 ALTER TABLE `rol_item` DISABLE KEYS */;
INSERT INTO `rol_item` VALUES (2,1),(2,2),(2,3),(2,4),(2,5),(2,6),(2,7),(2,8),(2,9),(2,10),(2,11),(2,12),(2,13),(2,14),(2,15),(2,16),(2,17);
/*!40000 ALTER TABLE `rol_item` ENABLE KEYS */;
UNLOCK TABLES;

--
-- Table structure for table `periodo`
--

DROP TABLE IF EXISTS `periodo`;
/*!40101 SET @saved_cs_client     = @@character_set_client */;
/*!40101 SET character_set_client = utf8 */;
CREATE TABLE `periodo` (
  `id` bigint(20) NOT NULL AUTO_INCREMENT,
  `periodo` varchar(255) NOT NULL,
  PRIMARY KEY (`id`)
) ENGINE=InnoDB AUTO_INCREMENT=4 DEFAULT CHARSET=latin1;
/*!40101 SET character_set_client = @saved_cs_client */;

--
-- Dumping data for table `periodo`
--

LOCK TABLES `periodo` WRITE;
/*!40000 ALTER TABLE `periodo` DISABLE KEYS */;
INSERT INTO `periodo` VALUES (3,'2013-2014');
/*!40000 ALTER TABLE `periodo` ENABLE KEYS */;
UNLOCK TABLES;

--
-- Table structure for table `usuario`
--

DROP TABLE IF EXISTS `usuario`;
/*!40101 SET @saved_cs_client     = @@character_set_client */;
/*!40101 SET character_set_client = utf8 */;
CREATE TABLE `usuario` (
  `id` bigint(20) NOT NULL AUTO_INCREMENT,
  `habilitado` bit(1) NOT NULL,
  `nombreUsuario` varchar(255) NOT NULL,
  `password` varchar(255) NOT NULL,
  `rol_fk` bigint(20) DEFAULT NULL,
  `entidad_fk` bigint(20) DEFAULT NULL,
  PRIMARY KEY (`id`),
  KEY `FK5B4D8B0E69B6E3F0` (`rol_fk`),
  KEY `FK5B4D8B0ECA405FB0` (`entidad_fk`),
  CONSTRAINT `FK5B4D8B0E69B6E3F0` FOREIGN KEY (`rol_fk`) REFERENCES `rol` (`id`),
  CONSTRAINT `FK5B4D8B0ECA405FB0` FOREIGN KEY (`entidad_fk`) REFERENCES `entidad` (`id`)
) ENGINE=InnoDB AUTO_INCREMENT=3 DEFAULT CHARSET=latin1;
/*!40101 SET character_set_client = @saved_cs_client */;

--
-- Dumping data for table `usuario`
--

LOCK TABLES `usuario` WRITE;
/*!40000 ALTER TABLE `usuario` DISABLE KEYS */;
INSERT INTO `usuario` VALUES (1,'','g','g',2,1),(2,'','gg','gg',2,1);
/*!40000 ALTER TABLE `usuario` ENABLE KEYS */;
UNLOCK TABLES;

--
-- Table structure for table `reporte`
--

DROP TABLE IF EXISTS `reporte`;
/*!40101 SET @saved_cs_client     = @@character_set_client */;
/*!40101 SET character_set_client = utf8 */;
CREATE TABLE `reporte` (
  `idReporte` bigint(20) NOT NULL AUTO_INCREMENT,
  `archivoReporte` mediumblob NOT NULL,
  `nombreReporte` varchar(255) NOT NULL,
  `nombreReportePadre` varchar(255) DEFAULT NULL,
  PRIMARY KEY (`idReporte`)
) ENGINE=InnoDB DEFAULT CHARSET=latin1;
/*!40101 SET character_set_client = @saved_cs_client */;

--
-- Dumping data for table `reporte`
--

LOCK TABLES `reporte` WRITE;
/*!40000 ALTER TABLE `reporte` DISABLE KEYS */;
/*!40000 ALTER TABLE `reporte` ENABLE KEYS */;
UNLOCK TABLES;

--
-- Table structure for table `itemmenu`
--

DROP TABLE IF EXISTS `itemmenu`;
/*!40101 SET @saved_cs_client     = @@character_set_client */;
/*!40101 SET character_set_client = utf8 */;
CREATE TABLE `itemmenu` (
  `id` bigint(20) NOT NULL AUTO_INCREMENT,
  `item` varchar(255) DEFAULT NULL,
  `orden` int(11) DEFAULT NULL,
  `url` varchar(255) DEFAULT NULL,
  `item_fk` bigint(20) DEFAULT NULL,
  PRIMARY KEY (`id`),
  KEY `FK4A06A732EA23B717` (`item_fk`),
  CONSTRAINT `FK4A06A732EA23B717` FOREIGN KEY (`item_fk`) REFERENCES `itemmenu` (`id`)
) ENGINE=InnoDB AUTO_INCREMENT=16 DEFAULT CHARSET=latin1;
/*!40101 SET character_set_client = @saved_cs_client */;

--
-- Dumping data for table `itemmenu`
--

LOCK TABLES `itemmenu` WRITE;
/*!40000 ALTER TABLE `itemmenu` DISABLE KEYS */;
INSERT INTO `itemmenu` VALUES (1,'Salir',3,NULL,NULL),(2,'Salir de la Aplicación',NULL,'/login.do?metodo=logout',1),(3,'Usuarios',2,NULL,NULL),(4,'Alta de Usuario',NULL,'/usuario.do?metodo=cargarAltaUsuario',3),(5,'Modificaciónn de Usuario',NULL,'/cargarUsuariosAModificar.do?metodo=cargarUsuariosAModificar',3),(6,'Datos del Sistema',1,NULL,NULL),(7,'Localidad',NULL,NULL,6),(10,'Período',NULL,NULL,6),(11,'Alta de Período',NULL,'/jsp.do?page=.altaPeriodo&metodo=altaPeriodo',10),(12,'Modificación de Período',NULL,'/cargarPeriodosAModificar.do?metodo=cargarPeriodosAModificar',10),(13,'Entidad',NULL,NULL,6),(14,'Alta de Entidad',NULL,'/entidad.do?metodo=cargarAltaEntidad',13),(15,'Modificación de Entidad',NULL,'/cargarEntidadesAModificar.do?metodo=cargarEntidadesAModificar',13),(8,'Alta de Localidad',NULL,'/localidad.do?metodo=cargarAltaLocalidad',7),(9,'Modificación de Localidad',NULL,'/localidad.do?metodo=cargarModificacionLocalidad',7),(16,'Alta de Provincia',NULL,'/jsp.do?page=.altaProvincia&metodo=altaProvincia',7),(17,'Modificación de Provincia',NULL,'/provincia.do?metodo=cargarProvinciasAModificar',7);
/*!40000 ALTER TABLE `itemmenu` ENABLE KEYS */;
UNLOCK TABLES;

--
-- Table structure for table `vencimientoperiodo`
--

DROP TABLE IF EXISTS `vencimientoperiodo`;
/*!40101 SET @saved_cs_client     = @@character_set_client */;
/*!40101 SET character_set_client = utf8 */;
CREATE TABLE `vencimientoperiodo` (
  `id` bigint(20) NOT NULL AUTO_INCREMENT,
  `fecha` datetime NOT NULL,
  `periodo_fk` bigint(20) DEFAULT NULL,
  PRIMARY KEY (`id`),
  KEY `FKC5E02298C9F7990` (`periodo_fk`),
  CONSTRAINT `FKC5E02298C9F7990` FOREIGN KEY (`periodo_fk`) REFERENCES `periodo` (`id`)
) ENGINE=InnoDB AUTO_INCREMENT=13 DEFAULT CHARSET=latin1;
/*!40101 SET character_set_client = @saved_cs_client */;

--
-- Dumping data for table `vencimientoperiodo`
--

LOCK TABLES `vencimientoperiodo` WRITE;
/*!40000 ALTER TABLE `vencimientoperiodo` DISABLE KEYS */;
INSERT INTO `vencimientoperiodo` VALUES (1,'2013-07-10 00:00:00',3),(2,'2014-01-10 00:00:00',3),(3,'2013-08-10 00:00:00',3),(4,'2014-02-10 00:00:00',3),(5,'2013-09-10 00:00:00',3),(6,'2014-03-10 00:00:00',3),(7,'2013-10-10 00:00:00',3),(8,'2014-04-10 00:00:00',3),(9,'2013-11-11 00:00:00',3),(10,'2014-05-12 00:00:00',3),(11,'2013-12-10 00:00:00',3),(12,'2014-06-10 00:00:00',3);
/*!40000 ALTER TABLE `vencimientoperiodo` ENABLE KEYS */;
UNLOCK TABLES;


--
-- Table structure for table `provincia`
--

DROP TABLE IF EXISTS `provincia`;
/*!40101 SET @saved_cs_client     = @@character_set_client */;
/*!40101 SET character_set_client = utf8 */;
CREATE TABLE `provincia` (
  `id` bigint(20) NOT NULL AUTO_INCREMENT,
  `nombre` varchar(255) DEFAULT NULL,
  PRIMARY KEY (`id`)
) ENGINE=InnoDB AUTO_INCREMENT=2 DEFAULT CHARSET=latin1;
/*!40101 SET character_set_client = @saved_cs_client */;

LOCK TABLES `provincia` WRITE;
/*!40000 ALTER TABLE `provincia` DISABLE KEYS */;
INSERT INTO `provincia` VALUES (1,'Tierra Del Fuego');
/*!40000 ALTER TABLE `provincia` ENABLE KEYS */;
UNLOCK TABLES;


--
-- Table structure for table `localidad`
--
DROP TABLE IF EXISTS `localidad`;
CREATE TABLE `localidad` (
  `id` bigint(20) NOT NULL AUTO_INCREMENT,
  `nombre` varchar(255) NOT NULL,
  `provincia_fk` bigint(20) DEFAULT NULL,
  PRIMARY KEY (`id`),
  KEY `FK2FA590496844CE30` (`provincia_fk`),
  CONSTRAINT `FK2FA590496844CE30` FOREIGN KEY (`provincia_fk`) REFERENCES `provincia` (`id`)
) ENGINE=InnoDB DEFAULT CHARSET=latin1;
/*!40101 SET character_set_client = @saved_cs_client */;



--
-- Dumping data for table `localidad`
--

LOCK TABLES `localidad` WRITE;
/*!40000 ALTER TABLE `localidad` DISABLE KEYS */;
INSERT INTO `localidad` VALUES (1,'Rio Grande',1),(2,'Ushuaia',1),(3,'Tolhuin',1);
/*!40000 ALTER TABLE `localidad` ENABLE KEYS */;
UNLOCK TABLES;

--
-- Table structure for table `tipoproducto`
--

DROP TABLE IF EXISTS `tipoproducto`;
/*!40101 SET @saved_cs_client     = @@character_set_client */;
/*!40101 SET character_set_client = utf8 */;
CREATE TABLE `tipoproducto` (
  `id` bigint(20) NOT NULL AUTO_INCREMENT,
  `nombre` varchar(255) DEFAULT NULL,
  PRIMARY KEY (`id`)
) ENGINE=InnoDB DEFAULT CHARSET=latin1;
/*!40101 SET character_set_client = @saved_cs_client */;

--
-- Dumping data for table `tipoproducto`
--

LOCK TABLES `tipoproducto` WRITE;
/*!40000 ALTER TABLE `tipoproducto` DISABLE KEYS */;
/*!40000 ALTER TABLE `tipoproducto` ENABLE KEYS */;
UNLOCK TABLES;
/*!40103 SET TIME_ZONE=@OLD_TIME_ZONE */;

/*!40101 SET SQL_MODE=@OLD_SQL_MODE */;
/*!40014 SET FOREIGN_KEY_CHECKS=@OLD_FOREIGN_KEY_CHECKS */;
/*!40014 SET UNIQUE_CHECKS=@OLD_UNIQUE_CHECKS */;
/*!40101 SET CHARACTER_SET_CLIENT=@OLD_CHARACTER_SET_CLIENT */;
/*!40101 SET CHARACTER_SET_RESULTS=@OLD_CHARACTER_SET_RESULTS */;
/*!40101 SET COLLATION_CONNECTION=@OLD_COLLATION_CONNECTION */;
/*!40111 SET SQL_NOTES=@OLD_SQL_NOTES */;

-- Dump completed on 2013-11-15 15:55:40
